,INDIA,World
0,tmc mp,#احبك_من_يستاهلها_بصراحه
1,#RohitSharma,トルクメニスタン
2,#PMInAgra,#daihyo
3,#dna600m,#日本代表
4,Official Trailer,RestbetKupa Mesaisi
5,Kashmiri IAS,大迫ハンパ
6,Gully Boy,#NCTzenSelcaDay
7,#CongressKisanKeSaath,#BAFTA
8,Nagpur,#にじくじ24910
9,saumitra khan,#あなたはどんなサイコパス診断
10,#ArjunReddy,#9x9HypnotizeMV
11,#PrajaSankalpaYatra3648kms,#GottaGo1stWin
12,#VaaneyVaaneyLyricVideo,#رياضه_تحبها
13,#മാധ്യമ_ഭീകരത,#Sanremo2019
14,Alia Bhatt,#500BinOyYardımcıHizmetler
15,Kisan Rally,#アジアカップ
16,#MBMPFC,勝ち点3
17,#8Mile,#WednesdayWisdom
18,#ApnaTimeAayega,#YoJuroConMaduro
19,#EswariRao,#ThenIJoinedTwitter
20,#5MinuteAur,あなたの順位
21,#visitfrancewithcnk,大迫2点目
22,#DhruvVikram,#ツイッターバトルロイヤル
23,#VijayRaaz,#MügeAnlı
24,#Bala,#CemalSüreya
25,DHANUSH BIRTHDAY IN 200DAYS,#wednesdaythoughts
26,#Varmaa,#paluailesi
27,#KheloIndia2019,#FelizMiércoles
28,#ZoyaAkhtar,#東大王
29,#happybirthdayfarhanakhtar,#9Ene
30,#NTRKathayanakudu,#EuMeArrependoDe
31,#KanneKalaimaane,#あなたは今年こんな人
32,#GullyBoyTrailer,Hüseyin Öztürk
33,#varmatrailer,#PMQs
34,Santosh Mane,#WayV_KUN
35,#Megha,シュート
36,#BellBottom,#あなたが苦手なもの上位5つ
37,#HardikPandya,#3CoisasQueMeEstressam
38,#hockey,松木さん
39,#PettaPongalFromTomorrow,#GullyBoyTrailer
40,Harendra Singh,大迫半端
41,#YSJaganHistoricPadayatra,#ホンマでっかTV
42,Shah Faesal,#DNA600M
43,#BJPBetrayedNorthEast,サッカー
44,#AskTamannaah,#BuenMiercoles
45,#TigerBaby,尾田先生
46,"Rs 2,980",#編集長稲垣吾郎
47,#SpreadYourVibe,#PERvSYD
48,#Agra,#Chungha1stWin
49,#budgetsession,#WednesdayMotivation
